{"googleApiKey":"","maps":[{"name":"streets","tiles":["https://{s}.tile.openstreetmap.org/{z}/{x}/{y}.png"],"attribution":"© <a href=\"http://openstreetmap.org\">OpenStreetMap</a> | <a href=\"www.openstreetmap.org/copyright\">Terms</a>"}],"modernBrowsersURL":"modern-browsers","supportEmail":"support@kobotoolbox.org","themesSupported":["formhub","grid","kobo","plain"],"languagesSupported":["ar","cs","de","el","en","es","fa","fi","fr","hi","it","lo","nl","no","ro","sk","sv","sw","vi","zh"],"timeout":300000,"submissionParameter":{"name":""},"basePath":"","repeatOrdinals":false,"validateContinuously":false,"validatePage":true}