{
    "note": "../../node_modules/enketo-core/src/widget/note/notewidget",
    "select-desktop": "../../node_modules/enketo-core/src/widget/select-desktop/selectpicker",
    "select-mobile": "../../node_modules/enketo-core/src/widget/select-mobile/selectpicker",
    "autocomplete": "../../node_modules/enketo-core/src/widget/select-autocomplete/autocomplete",
    "geo": "../../node_modules/enketo-core/src/widget/geo/geopicker",
    "geo-esri": "../../node_modules/enketo-core/src/widget/geo-esri/geopicker",
    "textarea": "../../node_modules/enketo-core/src/widget/textarea/textarea",
    "table": "../../node_modules/enketo-core/src/widget/table/tablewidget",
    "radio": "../../node_modules/enketo-core/src/widget/radio/radiopicker",
    "date": "../../node_modules/enketo-core/src/widget/date/datepicker-extended",
    "time": "../../node_modules/enketo-core/src/widget/time/timepicker-extended",
    "datetime": "../../node_modules/enketo-core/src/widget/datetime/datetimepicker-extended",
    "compact": "../../node_modules/enketo-core/src/widget/compact/compactpicker",
    "file": "../../node_modules/enketo-core/src/widget/file/filepicker",
    "draw": "../../node_modules/enketo-core/src/widget/draw/draw-widget",
    "likert": "../../node_modules/enketo-core/src/widget/select-likert/likertitem",
    "distress": "../../node_modules/enketo-core/src/widget/distress/distresspicker",
    "horizontal": "../../node_modules/enketo-core/src/widget/horizontal-choices/horizontalchoices",
    "analog-scale": "../../node_modules/enketo-core/src/widget/analog-scale/analog-scalepicker",
    "image-view": "../../node_modules/enketo-core/src/widget/big-image/image-viewer",
    "comment": "../../node_modules/enketo-core/src/widget/comment/commentwidget",
    "image-map": "../../node_modules/enketo-core/src/widget/image-map/image-map",
    "date-mobile": "../../node_modules/enketo-core/src/widget/date-mobile/datepicker-mobile"
}
